http://sef.kloninger.com/2012/05/i-absorb-uncertainty/,http://sef.kloninger.com/posts/201205i-absorb-uncertainty.html
http://sef.kloninger.com/2012/05/fizzbuzz-for-managers/,http://sef.kloninger.com/posts/201205fizzbuzz-for-managers.html
http://sef.kloninger.com/2012/04/measuring-an-engineering-manager/,http://sef.kloninger.com/posts/201204measuring-an-engineering-manager.html
http://sef.kloninger.com/2013/06/launch-day/,http://sef.kloninger.com/posts/201306launch-day.html
http://sef.kloninger.com/2012/06/two-things-at-once/,http://sef.kloninger.com/posts/201206two-things-at-once.html
http://sef.kloninger.com/2012/08/wip-folders-with-ls/,http://sef.kloninger.com/posts/201208wip-folders-with-ls.html
http://sef.kloninger.com/2013/12/airmail/,http://sef.kloninger.com/posts/201312airmail.html
http://sef.kloninger.com/2012/03/those-little-utilities/,http://sef.kloninger.com/posts/201203those-little-utilities.html
http://sef.kloninger.com/2012/05/danny-lewin-42nd-birthday/,http://sef.kloninger.com/posts/201205danny-lewin-42nd-birthday.html
http://sef.kloninger.com/2013/04/coding-on-a-flight/,http://sef.kloninger.com/posts/201304coding-on-a-flight.html
http://sef.kloninger.com/2012/03/too-many-clouds/,http://sef.kloninger.com/posts/201203too-many-clouds.html
http://sef.kloninger.com/2013/03/online-ed-retention/,http://sef.kloninger.com/posts/201303online-ed-retention.html
http://sef.kloninger.com/2013/11/halloween-2013/,http://sef.kloninger.com/posts/201311halloween-2013.html
http://sef.kloninger.com/2013/11/seven-things/,http://sef.kloninger.com/posts/201311seven-things.html
http://sef.kloninger.com/2012/07/on-line-education/,http://sef.kloninger.com/posts/201207on-line-education.html
http://sef.kloninger.com/2012/07/taking-down-100000-sites/,http://sef.kloninger.com/posts/201207taking-down-100000-sites.html
http://sef.kloninger.com/2013/09/knr-c-label/,http://sef.kloninger.com/posts/201309knr-c-label.html
http://sef.kloninger.com/2012/05/engineering-culture-litmus-tests/,http://sef.kloninger.com/posts/201205engineering-culture-litmus-tests.html
http://sef.kloninger.com/2012/04/browsers-for-web-apps/,http://sef.kloninger.com/posts/201204browsers-for-web-apps.html
http://sef.kloninger.com/2012/05/concentration/,http://sef.kloninger.com/posts/201205concentration.html
http://sef.kloninger.com/2012/10/halloween-candy-data/,http://sef.kloninger.com/posts/201210halloween-candy-data.html
http://sef.kloninger.com/2013/01/why-so-long/,http://sef.kloninger.com/posts/201301why-so-long.html
http://sef.kloninger.com/2012/04/my-sabbatical/,http://sef.kloninger.com/posts/201204my-sabbatical.html
